calendar,business
,
6,6
23,23
,
,
,
,
9,9
42,42
10,10
2,2
3,3
75,75
,
31,31
47,47
,
,
19,19
,
108,108
13,13
,
49,49
,
6,6
,
10,10
909,69
21,21
10,10
,
,
5,5
,
7,7
23,23
,
,
1193,293
,
,
6,6
,
6,6
,
17,17
,
,
,
7,7
47,47
,
912,20
636,19
10,10
,
,
,
,
7,7
,
,
71570,0
71582,1
71588,2
71589,3
71603,4
71613,5
71617,6
71619,7
71628,8
71630,9
71631,10
71632,11
71636,12
71642,13
71646,14
71647,15
71653,16
71657,17
71659,18
71663,19
71666,20
71670,21
71671,22
71672,23
71683,24
71687,25
71688,26
71690,27
71700,28
71704,29
71706,30
71711,31
71712,32
71717,33
71721,34
71725,35
71726,36
71728,37
71729,38
71735,39
71737,40
71738,41
71741,42
71743,43
71744,44
71746,45
71749,46
71752,47
71755,48
71756,49
71757,50
71758,51
71761,52
71762,53
71763,54
71765,55
71766,56
71767,57
71768,58
71770,59
71771,60
71772,61
71773,62
